Run,ReleaseDate,LoadDate,spots,bases,spots_with_mates,avgLength,size_MB,AssemblyName,download_path,Experiment,LibraryName,LibraryStrategy,LibrarySelection,LibrarySource,LibraryLayout,InsertSize,InsertDev,Platform,Model,SRAStudy,BioProject,Study_Pubmed_id,ProjectID,Sample,BioSample,SampleType,TaxID,ScientificName,SampleName,g1k_pop_code,source,g1k_analysis_group,Subject_ID,Sex,Disease,Tumor,Affection_Status,Analyte_Type,Histological_Type,Body_Site,CenterName,Submission,dbgap_study_accession,Consent,RunHash,ReadHash,Label
ERR020282,2011-03-18 11:34:59,2021-11-04 21:16:04,105522298,19205058236,105522298,182,10840,,https://sra-downloadb.be-md.ncbi.nlm.nih.gov/sos2/sra-pub-zq-20/ERR000/020/ERR020282/ERR020282.lite.2,ERX008401,HUMgfdRFWDIAAPEI-7,WGS,RANDOM,GENOMIC,PAIRED,467,0.0,ILLUMINA,Illumina HiSeq 2000,SRP001523,PRJNA60131,,60131,SRS074266,SAMN00014315,simple,9606,Homo sapiens,HG01351,CLM,lcl,low coverage,,female,,no,,,,,BGI,ERA014686,,public,6517D672CEEB8A684710A9C5155B9E8D,AEFD03A58A2B12E3F8E576276C8CE497,2941
ERR020276,2011-03-18 11:34:59,2021-11-04 18:07:08,104600495,19037290090,104600495,182,10433,,https://sra-downloadb.be-md.ncbi.nlm.nih.gov/sos2/sra-pub-zq-20/ERR000/020/ERR020276/ERR020276.lite.2,ERX008395,HUMgfdREBDIAAPEI-2,WGS,RANDOM,GENOMIC,PAIRED,489,0.0,ILLUMINA,Illumina HiSeq 2000,SRP001525,PRJNA42573,,42573,SRS010777,SAMN00009146,simple,9606,Homo sapiens,HG01108,PUR,lcl,low coverage,,female,,no,,,,,BGI,ERA014686,,public,10A5F19C10838EBC07EB836AEE897171,53F36659C98302487EF3BFB2DBED19E9,1034
ERR020264,2011-03-18 11:34:59,2021-11-04 21:10:47,98081542,17850840644,98081542,182,10222,,https://sra-downloadb.be-md.ncbi.nlm.nih.gov/sos2/sra-pub-zq-20/ERR000/020/ERR020264/ERR020264.lite.2,ERX008383,HUMwfmRFKDIAAPEI-4,WGS,RANDOM,GENOMIC,PAIRED,479,0.0,ILLUMINA,Illumina HiSeq 2000,SRP001293,PRJNA41139,,41139,SRS008725,SAMN00006559,simple,9606,Homo sapiens,HG00690,CHS,lcl,low coverage,,female,,no,,,,,BGI,ERA014686,,public,F31133AC833169A144D36987B5FC8875,564947226D950D5B322972668C2673FC,2663
ERR020229,2011-03-18 11:34:58,2021-11-04 09:35:12,101519492,18476547544,101519492,182,10163,,https://sra-downloadb.be-md.ncbi.nlm.nih.gov/sos4/sra-pub-zq-1/ERR000/020/ERR020229/ERR020229.lite.2,ERX008348,HUMgfdRAADIAAPEI-9,WGS,RANDOM,GENOMIC,PAIRED,466,0.0,ILLUMINA,Illumina HiSeq 2000,SRP001294,PRJNA41223,,41223,SRS006849,SAMN00004634,simple,9606,Homo sapiens,HG00108,GBR,lcl,low coverage,,male,,no,,,,,BGI,ERA014686,,public,350A1042A26B9F97ED625F92DB2F9359,055E4135C0EF8EB2BC2D17D63A045D30,218
ERR018492,2011-03-18 11:34:56,2021-11-04 09:11:33,98454573,17918732286,98454573,182,10121,,https://sra-downloadb.be-md.ncbi.nlm.nih.gov/sos2/sra-pub-zq-20/ERR000/018/ERR018492/ERR018492.lite.2,ERX007021,HUMgxiRDVDIAAPE,WGS,RANDOM,GENOMIC,PAIRED,498,0.0,ILLUMINA,Illumina Genome Analyzer II,SRP001294,PRJNA41223,,41223,SRS010871,SAMN00009240,simple,9606,Homo sapiens,HG01334,GBR,lcl,low coverage,,male,,no,,,,,BGI,ERA012162,,public,A68B89223A5E35B35D00D2F738E4E251,2187CEA67EB1F4DDA8B1CE804E7F1303,2606
ERR020235,2011-03-18 11:34:58,2021-11-04 18:39:13,93469783,17011500506,93469783,182,9697,,https://sra-downloadb.be-md.ncbi.nlm.nih.gov/sos2/sra-pub-zq-20/ERR000/020/ERR020235/ERR020235.lite.2,ERX008354,HUMwfmREHDIAAPEI-1,WGS,RANDOM,GENOMIC,PAIRED,488,0.0,ILLUMINA,Illumina HiSeq 2000,SRP001293,PRJNA41139,,41139,SRS008628,SAMN00006462,simple,9606,Homo sapiens,HG00500,CHS,lcl,low coverage,,male,,no,,,,,BGI,ERA014686,,public,7C4570A778B6E32C27B6192E9715A99F,B574E118FC6C0E1BD06706302178F0C2,2463
ERR020247,2011-03-18 11:34:59,2021-11-04 17:28:57,96544439,17571087898,96544439,182,9704,,https://sra-downloadb.be-md.ncbi.nlm.nih.gov/sos4/sra-pub-zq-1/ERR000/020/ERR020247/ERR020247.lite.2,ERX008366,HUMwfmRETDIAAPEI-2,WGS,RANDOM,GENOMIC,PAIRED,479,0.0,ILLUMINA,Illumina HiSeq 2000,SRP001293,PRJNA41139,,41139,SRS008685,SAMN00006519,simple,9606,Homo sapiens,HG00613,CHS,lcl,low coverage,,male,,no,,,,,BGI,ERA014686,,public,C3270C6E309786D4B7F3D6A3A48949F4,F303773E30985EEC2216B1F6538CF7E5,2808
ERR020288,2011-03-18 11:35:00,2021-11-04 17:28:28,97335026,17714974732,97335026,182,9725,,https://sra-downloadb.be-md.ncbi.nlm.nih.gov/sos2/sra-pub-zq-20/ERR000/020/ERR020288/ERR020288.lite.2,ERX008407,HUMwfmRGCDIAAPEI-12,WGS,RANDOM,GENOMIC,PAIRED,474,0.0,ILLUMINA,Illumina HiSeq 2000,SRP001523,PRJNA60131,,60131,SRS074278,SAMN00014327,simple,9606,Homo sapiens,HG01375,CLM,lcl,low coverage,,female,,no,,,,,BGI,ERA014686,,public,E506417771BF115355C2FF0496B1EC0A,8D8688C32F07E85EAD475219344E92C1,2834
ERR020263,2011-03-18 11:34:59,2021-11-04 11:58:24,91813258,16710012956,91813258,182,9514,,https://sra-downloadb.be-md.ncbi.nlm.nih.gov/sos2/sra-pub-zq-20/ERR000/020/ERR020263/ERR020263.lite.2,ERX008382,HUMwfmRFJDIAAPEI-3,WGS,RANDOM,GENOMIC,PAIRED,475,0.0,ILLUMINA,Illumina HiSeq 2000,SRP001293,PRJNA41139,,41139,SRS008724,SAMN00006558,simple,9606,Homo sapiens,HG00689,CHS,lcl,low coverage,,male,,no,,,,,BGI,ERA014686,,public,6952931627840A07CD484CF6DBCB9B02,8602DE873E818D8BBB091A0EC3662258,2606
ERR020289,2011-03-18 11:35:00,2021-11-04 13:37:20,94989411,17288072802,94989411,182,9448,,https://sra-downloadb.be-md.ncbi.nlm.nih.gov/sos4/sra-pub-zq-1/ERR000/020/ERR020289/ERR020289.lite.2,ERX008408,HUMgfdRGDDIAAPEI-3,WGS,RANDOM,GENOMIC,PAIRED,482,0.0,ILLUMINA,Illumina HiSeq 2000,SRP001523,PRJNA60131,,60131,SRS074280,SAMN00014329,simple,9606,Homo sapiens,HG01389,CLM,lcl,low coverage,,male,,no,,,,,BGI,ERA014686,,public,C5A94DB94C6D43C58534693F025444B3,D32BFDEC61F0F311D061661D5A819571,2863
ERR018476,2011-03-18 11:34:55,2021-11-04 10:44:02,95602302,17399618964,95602302,182,9741,,https://sra-downloadb.be-md.ncbi.nlm.nih.gov/sos4/sra-pub-zq-1/ERR000/018/ERR018476/ERR018476.lite.2,ERX007005,HUMgxiRDDDIAAPE,WGS,RANDOM,GENOMIC,PAIRED,472,0.0,ILLUMINA,Illumina Genome Analyzer II,SRP001525,PRJNA42573,,42573,SRS010750,SAMN00009119,simple,9606,Homo sapiens,HG01060,PUR,lcl,low coverage,,male,,no,,,,,BGI,ERA012162,,public,E98CA11203B34C45B6559A9747EB48E7,96F5A13EEA96C8BF6A06831068F88B06,2755
ERR022456,2011-11-03 23:23:04,2014-08-29 20:48:34,79188371,15837674200,79188371,200,9291,GCA_000001405.13,https://sra-downloadb.be-md.ncbi.nlm.nih.gov/sos5/sra-pub-zq-11/ERR000/022/ERR022456/ERR022456.sralite.1,ERX008900,g1k-sc-HG01125-D-7097,WGS,RANDOM,GENOMIC,PAIRED,450,0.0,ILLUMINA,Illumina HiSeq 2000,SRP001523,PRJNA60131,,60131,SRS010785,SAMN00009154,simple,9606,Homo sapiens,HG01125,CLM,lcl,low coverage,,female,,no,,,,,SC,ERA015166,,public,F0D86E2EEAE86D46F3E6F21B3EED1430,51AC1C159DA42EABB5F4B95ED239F012,1509
ERR020253,2011-03-18 11:34:59,2021-11-04 17:53:04,92540100,16842298200,92540100,182,9281,,https://sra-downloadb.be-md.ncbi.nlm.nih.gov/sos4/sra-pub-zq-1/ERR000/020/ERR020253/ERR020253.lite.2,ERX008372,HUMwfmREZDIAAPEI-11,WGS,RANDOM,GENOMIC,PAIRED,475,0.0,ILLUMINA,Illumina HiSeq 2000,SRP001293,PRJNA41139,,41139,SRS008709,SAMN00006543,simple,9606,Homo sapiens,HG00653,CHS,lcl,low coverage,,male,,no,,,,,BGI,ERA014686,,public,EB8DFB7EC2ABF74BA9A3988EA1933AB8,8B5DE487DCE6CD410C2050D6CD4CB18B,2766
ERR020241,2011-03-18 11:34:59,2021-11-04 18:39:58,96657631,17591688842,96657631,182,9241,,https://sra-downloadb.be-md.ncbi.nlm.nih.gov/sos2/sra-pub-zq-20/ERR000/020/ERR020241/ERR020241.lite.2,ERX008360,HUMgfdRENDIAAPEI-9,WGS,RANDOM,GENOMIC,PAIRED,473,0.0,ILLUMINA,Illumina HiSeq 2000,SRP001293,PRJNA41139,,41139,SRS008667,SAMN00006501,simple,9606,Homo sapiens,HG00583,CHS,lcl,low coverage,,male,,no,,,,,BGI,ERA014686,,public,B94F7F9EC9C440055C9817E1F7ECF809,714DFC1E8D9148805E94A2DF5FF1FD1A,2984
ERR020270,2011-03-18 11:34:59,2021-11-04 15:36:28,84321417,15346497894,84321417,182,8652,,https://sra-downloadb.be-md.ncbi.nlm.nih.gov/sos4/sra-pub-zq-1/ERR000/020/ERR020270/ERR020270.lite.2,ERX008389,HUMwfmRFQDIAAPEI-1,WGS,RANDOM,GENOMIC,PAIRED,477,0.0,ILLUMINA,Illumina HiSeq 2000,SRP001293,PRJNA41139,,41139,SRS008734,SAMN00006568,simple,9606,Homo sapiens,HG00702,CHS,lcl,low coverage,,female,,no,,,,,BGI,ERA014686,,public,6C46B533AB38C44F85E6FB403E1C986F,0431F4D30CDCE608490927E30DDE302F,2515
ERR020257,2011-03-18 11:34:59,2021-11-04 11:09:56,91711792,16691546144,91711792,182,8725,,https://sra-downloadb.be-md.ncbi.nlm.nih.gov/sos4/sra-pub-zq-1/ERR000/020/ERR020257/ERR020257.lite.2,ERX008376,HUMgfdRFDDIAAPEI-11,WGS,RANDOM,GENOMIC,PAIRED,491,0.0,ILLUMINA,Illumina HiSeq 2000,SRP001293,PRJNA41139,,41139,SRS008715,SAMN00006549,simple,9606,Homo sapiens,HG00662,CHS,lcl,low coverage,,male,,no,,,,,BGI,ERA014686,,public,72E4578D97BA865573BF0F4B8D03C325,4B1CA06637EA30F66EE4D62E8B4E3FC1,2766
ERR022469,2011-11-03 23:23:05,2014-08-29 22:37:45,72018178,14403635600,72018178,200,7781,GCA_000001405.13,https://sra-downloadb.be-md.ncbi.nlm.nih.gov/sos5/sra-pub-zq-11/ERR000/022/ERR022469/ERR022469.sralite.1,ERX008907,g1k-sc-HG01148-6929,WGS,RANDOM,GENOMIC,PAIRED,450,0.0,ILLUMINA,Illumina HiSeq 2000,SRP001523,PRJNA60131,,60131,SRS010796,SAMN00009165,simple,9606,Homo sapiens,HG01148,CLM,lcl,low coverage,,male,,no,,,,,SC,ERA015166,,public,F2FBFE022E76200CA4A488513FE07E24,477EB5481DB28CD3A504D272E5F5248A,1303
ERR018491,2011-03-18 11:34:56,2021-11-04 04:07:17,89270777,13569158104,89270777,152,7822,,https://sra-downloadb.be-md.ncbi.nlm.nih.gov/sos2/sra-pub-zq-20/ERR000/018/ERR018491/ERR018491.lite.2,ERX007020,HUMgxiRDKDIAAPE,WGS,RANDOM,GENOMIC,PAIRED,483,0.0,ILLUMINA,Illumina Genome Analyzer II,SRP001525,PRJNA42573,,42573,SRS010761,SAMN00009130,simple,9606,Homo sapiens,HG01083,PUR,lcl,low coverage,,female,,no,,,,,BGI,ERA012162,,public,282A0F1BED07CE070FB311BF23340ED8,7977AE27F29FAC94F8761CDDE4A8CE9F,1178
ERR022463,2011-11-03 23:23:04,2014-08-29 21:24:53,61106523,12221304600,61106523,200,5775,GCF_000001405.25,https://sra-downloadb.be-md.ncbi.nlm.nih.gov/sos5/sra-pub-zq-11/ERR000/022/ERR022463/ERR022463.sralite.1,ERX008899,g1k-sc-HG01124-D-7097,WGS,RANDOM,GENOMIC,PAIRED,450,0.0,ILLUMINA,Illumina HiSeq 2000,SRP001523,PRJNA60131,,60131,SRS010784,SAMN00009153,simple,9606,Homo sapiens,HG01124,CLM,lcl,low coverage,,male,,no,,,,,SC,ERA015166,,public,9237175E335E8E736EE58C826558F918,33CF7A03EB1C047D80F2101F4DEDB2B8,1181
ERR018454,2011-03-18 11:34:55,2017-05-14 10:18:59,0,0,0,0,6278,,https://sra-downloadb.be-md.ncbi.nlm.nih.gov/sos5/sra-pub-zq-14/ERR000/018/ERR018454.sralite.1,ERX006983,HUMgxiRCQDIBAPE,WGS,RANDOM,GENOMIC,PAIRED,485,0.0,ILLUMINA,Illumina Genome Analyzer II,SRP000808,PRJNA38449,,38449,SRS010734,SAMN00009103,simple,9606,Homo sapiens,HG00310,FIN,lcl,low coverage,,male,,no,,,,,BGI,ERA012162,,public,15EAC967EBC18874508009D5E2AD5538,8D27F3D9B1CE0C8C21A933F50D158E4E,2253
ERR018416,2011-03-18 11:34:55,2017-05-14 10:00:29,0,0,0,0,6395,,https://sra-downloadb.be-md.ncbi.nlm.nih.gov/sos5/sra-pub-zq-14/ERR000/018/ERR018416.sralite.1,ERX006945,HUMgfvRBVDIAAPE,WGS,RANDOM,GENOMIC,PAIRED,481,0.0,ILLUMINA,Illumina Genome Analyzer II,SRP000808,PRJNA38449,,38449,SRS008571,SAMN00006405,simple,9606,Homo sapiens,HG00353,FIN,lcl,low coverage,,female,,no,,,,,BGI,ERA012162,,public,187C522642F4D13C1A56A17534ED51E3,7FCC813F1078404F9601C8F2DB5D3638,2416
SRR794355,2013-03-23 09:59:06,2013-03-23 09:51:53,46823231,9364646200,0,200,6381,,https://sra-downloadb.be-md.ncbi.nlm.nih.gov/sos5/sra-pub-zq-11/SRR000/794/SRR794355/SRR794355.sralite.1,SRX253647,2890281802,WGS,unspecified,GENOMIC,PAIRED,322,0.0,ILLUMINA,Illumina HiSeq 2000,SRP000542,PRJNA33865,,33865,SRS000182,SAMN00001664,simple,9606,Homo sapiens,NA19098,YRI,lcl,low coverage,,male,,no,,,,,WUGSC,SRA071212,,public,60AE65B37CFD570A91D5D6DC60BF11B1,34E710965578339250C8FDE517336C8B,1126
ERR065364,2012-04-15 03:25:28,2014-10-11 21:34:24,43615645,8723129000,0,200,7292,,https://sra-downloadb.be-md.ncbi.nlm.nih.gov/sos5/sra-pub-zq-11/ERR000/065/ERR065364/ERR065364.sralite.1,ERX043337,3656754,WGS,RANDOM,GENOMIC,PAIRED,393,80.0,ILLUMINA,Illumina HiSeq 2000,SRP001516,PRJNA42575,,42575,SRS212513,SAMN00630256,simple,9606,Homo sapiens,HG02047,KHV,lcl,low coverage,,male,,no,,,,,SC,ERA079185,,public,7E986BC5EDFC316FD4019FD2C652CB7B,60EB2D128A76BDD99F05FF5205BA18F7,1062
ERR018442,2011-03-18 11:34:55,2017-05-14 10:10:10,0,0,0,0,5628,,https://sra-downloadb.be-md.ncbi.nlm.nih.gov/sos5/sra-pub-zq-14/ERR000/018/ERR018442.sralite.1,ERX006971,HUMgxiRCLDIAAPE,WGS,RANDOM,GENOMIC,PAIRED,480,0.0,ILLUMINA,Illumina Genome Analyzer II,SRP000808,PRJNA38449,,38449,SRS010729,SAMN00009098,simple,9606,Homo sapiens,HG00280,FIN,lcl,low coverage,,male,,no,,,,,BGI,ERA012162,,public,4CF8B65FA88ECD8F05719FA961E7B322,F3B2663F2E549879D8D306D4BE22E6DF,2394
SRR794349,2013-03-23 09:16:06,2013-03-23 09:08:54,46516265,9303253000,46516265,200,6148,,https://sra-downloadb.be-md.ncbi.nlm.nih.gov/sos1/sra-pub-zq-38/SRR000/794/SRR794349/SRR794349.lite.1,SRX253628,2890281837,WGS,unspecified,GENOMIC,PAIRED,344,0.0,ILLUMINA,Illumina HiSeq 2000,SRP000542,PRJNA33865,,33865,SRS000199,SAMN00001681,simple,9606,Homo sapiens,NA19159,YRI,lcl,low coverage,,female,,no,,,,,WUGSC,SRA071210,,public,C7A51E54DB18703D00A2CBA37A95D99C,41F9A3A6A49F15F7683D6A7C35CFA859,1074
ERR016327,2010-09-14 14:51:05,2014-05-27 20:24:38,35319748,7629065568,35319748,216,6044,,https://sra-downloadb.be-md.ncbi.nlm.nih.gov/sos5/sra-pub-zq-11/ERR000/016/ERR016327/ERR016327.sralite.1,ERX006540,g1k-sc-NA19081-JPT-2-2,WGS,RANDOM,GENOMIC,PAIRED,400,0.0,ILLUMINA,Illumina Genome Analyzer II,SRP000543,PRJNA33835,,33835,SRS001608,SAMN00001160,simple,9606,Homo sapiens,NA19431,LWK,lcl,low coverage,,,,no,,,,,SC,ERA011646,,public,998337A0B03D36B69EA6E6D94C5ABC6F,22D4537B3CE4F8C086192B4591F812E8,1040
ERR022457,2011-11-03 23:23:04,2014-08-29 20:32:17,44758768,8951753600,44758768,200,4845,GCF_000001405.25,https://sra-downloadb.be-md.ncbi.nlm.nih.gov/sos5/sra-pub-zq-11/ERR000/022/ERR022457/ERR022457.sralite.1,ERX008905,g1k-sc-HG01137-D-7097,WGS,RANDOM,GENOMIC,PAIRED,450,0.0,ILLUMINA,Illumina HiSeq 2000,SRP001523,PRJNA60131,,60131,SRS010791,SAMN00009160,simple,9606,Homo sapiens,HG01137,CLM,lcl,low coverage,,female,,no,,,,,SC,ERA015166,,public,90F580435D3D090E134F29DEE9A112D5,E32A1FF3C9DDD5E9D25D9B48FA1A04E6,970
SRR794312,2013-03-23 08:59:06,2013-03-23 08:51:40,43127413,8625482600,43127413,200,5703,,https://sra-downloadb.be-md.ncbi.nlm.nih.gov/sos1/sra-pub-zq-38/SRR000/794/SRR794312/SRR794312.lite.1,SRX253632,2890281808,WGS,unspecified,GENOMIC,PAIRED,334,0.0,ILLUMINA,Illumina HiSeq 2000,SRP000542,PRJNA33865,,33865,SRS000209,SAMN00001691,simple,9606,Homo sapiens,NA19209,YRI,lcl,low coverage,,female,,no,,,,,WUGSC,SRA071200,,public,519528B3D93F1B592EBCA149AB537E9F,11C8D78D6DC83C4EB1367FFB305A6AE2,1015
ERR019481,2010-11-08 11:46:00,2014-05-28 15:38:39,35937067,7762406472,35937067,216,5880,,https://sra-downloadb.be-md.ncbi.nlm.nih.gov/sos5/sra-pub-zq-11/ERR000/019/ERR019481/ERR019481.sralite.1,ERX007896,g1k-sc-NA19080-JPT-2-2,WGS,RANDOM,GENOMIC,PAIRED,400,0.0,ILLUMINA,Illumina Genome Analyzer II,SRP000543,PRJNA33835,,33835,SRS001607,SAMN00001159,simple,9606,Homo sapiens,NA19430,LWK,lcl,low coverage,,,,no,,,,,SC,ERA013716,,public,170F8AA8ABA1A482FAFD5B2CA9EE1777,DDE6A0E83B83CA7D6BCF077CBA5860C8,1253
SRR794398,2013-03-23 09:39:06,2013-03-23 09:32:19,40849612,8169922400,40849612,200,5392,,https://sra-downloadb.be-md.ncbi.nlm.nih.gov/sos1/sra-pub-zq-38/SRR000/794/SRR794398/SRR794398.lite.1,SRX253629,2890281652,WGS,unspecified,GENOMIC,PAIRED,342,0.0,ILLUMINA,Illumina HiSeq 2000,SRP000542,PRJNA33865,,33865,SRS000208,SAMN00001690,simple,9606,Homo sapiens,NA19207,YRI,lcl,low coverage,,male,,no,,,,,WUGSC,SRA071218,,public,829CB65A897809210B7638CF1E87AED8,EF31EABD4C605718DBDB52A09CD5D931,989
SRR794398,2013-03-23 09:39:06,2013-03-23 09:32:19,40849612,8169922400,40849612,200,5392,,https://sra-downloadb.be-md.ncbi.nlm.nih.gov/sos1/sra-pub-zq-38/SRR000/794/SRR794398/SRR794398.lite.1,SRX253629,2890281652,WGS,unspecified,GENOMIC,PAIRED,342,0.0,ILLUMINA,Illumina HiSeq 2000,SRP000542,PRJNA33865,,33865,SRS000208,SAMN00001690,simple,9606,Homo sapiens,NA19207,YRI,lcl,low coverage,,male,,no,,,,,WUGSC,SRA071218,,public,829CB65A897809210B7638CF1E87AED8,EF31EABD4C605718DBDB52A09CD5D931,989
SRR794397,2013-03-23 09:49:07,2013-03-23 09:41:15,40801706,8160341200,0,200,5386,,https://sra-downloadb.be-md.ncbi.nlm.nih.gov/sos5/sra-pub-zq-11/SRR000/794/SRR794397/SRR794397.sralite.1,SRX253630,2890281658,WGS,unspecified,GENOMIC,PAIRED,323,0.0,ILLUMINA,Illumina HiSeq 2000,SRP000542,PRJNA33865,,33865,SRS000205,SAMN00001687,simple,9606,Homo sapiens,NA19201,YRI,lcl,low coverage,,female,,no,,,,,WUGSC,SRA071217,,public,1993FBB0BA519281DC85F6867E7883D5,0971FB255E65F97A180661DE87431AE3,1003
SRR794367,2013-03-23 09:18:06,2013-03-23 09:09:39,39042406,7808481200,39042406,200,5329,,https://sra-downloadb.be-md.ncbi.nlm.nih.gov/sos1/sra-pub-zq-38/SRR000/794/SRR794367/SRR794367.lite.1,SRX253645,2890281827,WGS,unspecified,GENOMIC,PAIRED,342,0.0,ILLUMINA,Illumina HiSeq 2000,SRP000542,PRJNA33865,,33865,SRS000198,SAMN00001680,simple,9606,Homo sapiens,NA19153,YRI,lcl,low coverage,,male,,no,,,,,WUGSC,SRA071214,,public,637E951E5F84194653C3E70AAEAAC81E,6F9002F6C804E9269CD90D2000F76D66,1016
SRR794275,2013-03-23 08:24:06,2013-03-23 08:16:17,41346904,8269380800,0,200,5160,,https://sra-downloadb.be-md.ncbi.nlm.nih.gov/sos5/sra-pub-zq-11/SRR000/794/SRR794275/SRR794275.sralite.1,SRX253642,2890281805,WGS,unspecified,GENOMIC,PAIRED,325,0.0,ILLUMINA,Illumina HiSeq 2000,SRP000540,PRJNA33847,,33847,SRS001786,SAMN00001338,simple,9606,Homo sapiens,NA20832,TSI,lcl,low coverage,,female,,no,,,,,WUGSC,SRA071192,,public,B92ACCE49F5BFAB41195EA81E58C8522,B86C77E986D730FFFD9EF90756501841,906
ERR022450,2011-11-03 23:23:04,2014-08-29 19:15:48,41329865,8265973000,41329865,200,3906,GCF_000001405.25,https://sra-downloadb.be-md.ncbi.nlm.nih.gov/sos5/sra-pub-zq-11/ERR000/022/ERR022450/ERR022450.sralite.1,ERX008902,g1k-sc-HG01134-6929,WGS,RANDOM,GENOMIC,PAIRED,450,0.0,ILLUMINA,Illumina HiSeq 2000,SRP001523,PRJNA60131,,60131,SRS010788,SAMN00009157,simple,9606,Homo sapiens,HG01134,CLM,lcl,low coverage,,female,,no,,,,,SC,ERA015166,,public,FCDB9E6874614EFBAF64C918ED909665,1FDA69475A85749E19BFCC6DD0D88214,1006
SRR794387,2013-03-23 09:29:06,2013-03-23 09:21:35,38786033,7757206600,38786033,200,4787,,https://sra-downloadb.be-md.ncbi.nlm.nih.gov/sos1/sra-pub-zq-38/SRR000/794/SRR794387/SRR794387.lite.1,SRX253634,2890281769,WGS,unspecified,GENOMIC,PAIRED,350,0.0,ILLUMINA,Illumina HiSeq 2000,SRP000542,PRJNA33865,,33865,SRS000212,SAMN00001694,simple,9606,Homo sapiens,NA19238,YRI,lcl,low coverage,,female,,no,,,,,WUGSC,SRA071215,,public,A0701B1B5C8C553137C8B0527FB555B0,9B5487C9F483335DB2DB9698863C4E55,139
ERR019903,2010-11-08 11:46:30,2014-05-28 16:22:34,34778053,7512059448,34778053,216,4741,,https://sra-downloadb.be-md.ncbi.nlm.nih.gov/sos5/sra-pub-zq-11/ERR000/019/ERR019903/ERR019903.sralite.1,ERX008022,g1k-sc-HG00595-C-6912,WGS,RANDOM,GENOMIC,PAIRED,450,0.0,ILLUMINA,Illumina Genome Analyzer II,SRP001293,PRJNA41139,,41139,SRS008676,SAMN00006510,simple,9606,Homo sapiens,HG00595,CHS,lcl,low coverage,,male,,no,,,,,SC,ERA014217,,public,446E28260A0C094A53CE1B6ADD3AC941,8159CFDC966F49DCA1223A7AA71EAC2C,941
ERR023220,2011-03-15 04:22:28,2014-05-29 16:11:40,38542030,7785490060,38542030,202,4278,,https://sra-downloadb.be-md.ncbi.nlm.nih.gov/sos5/sra-pub-zq-11/ERR000/023/ERR023220/ERR023220.sralite.1,ERX009510,CT4448,WGS,RANDOM,GENOMIC,PAIRED,315,0.0,ILLUMINA,Illumina Genome Analyzer II,SRP001514,PRJNA42557,,42557,SRS074367,SAMN00014416,simple,9606,Homo sapiens,HG01613,IBS,lcl,low coverage,,female,,no,,,,,ILLUMINA,ERA015689,,public,FCD5E7E0E0053FFBDE48205929C44E5D,2EDBABE0A98E483CF6791051BEE931AB,1627
ERR019498,2010-11-08 11:46:01,2014-05-28 15:41:42,30502892,6588624672,30502892,216,4663,,https://sra-downloadb.be-md.ncbi.nlm.nih.gov/sos5/sra-pub-zq-11/ERR000/019/ERR019498/ERR019498.sralite.1,ERX007913,g1k-sc-HG00404-A,WGS,RANDOM,GENOMIC,PAIRED,450,0.0,ILLUMINA,Illumina Genome Analyzer II,SRP001293,PRJNA41139,,41139,SRS008599,SAMN00006433,simple,9606,Homo sapiens,HG00404,CHS,lcl,low coverage,,female,,no,,,,,SC,ERA013720,,public,F6BAA38B3A2CE4D2D594914B9B8DA109,E63CF3C64D675EC31C34B20C1B62AC80,951
SRR794319,2013-03-23 09:05:06,2013-03-23 08:56:57,36159141,7231828200,36159141,200,4414,,https://sra-downloadb.be-md.ncbi.nlm.nih.gov/sos5/sra-pub-zq-11/SRR000/794/SRR794319/SRR794319.sralite.1,SRX253644,2890281645,WGS,unspecified,GENOMIC,PAIRED,344,0.0,ILLUMINA,Illumina HiSeq 2000,SRP000542,PRJNA33865,,33865,SRS000213,SAMN00001695,simple,9606,Homo sapiens,NA19239,YRI,lcl,low coverage,,male,,no,,,,,WUGSC,SRA071202,,public,999BAF39B72850EADFB191F93A5D4E96,903633335ED9129A42C840474E6DCA96,911
ERR016326,2010-09-14 14:51:05,2014-05-27 20:25:31,26418645,5706427320,26418645,216,4373,,https://sra-downloadb.be-md.ncbi.nlm.nih.gov/sos5/sra-pub-zq-11/ERR000/016/ERR016326/ERR016326.sralite.1,ERX006544,g1k-sc-NA19431-LWK-2,WGS,RANDOM,GENOMIC,PAIRED,250,0.0,ILLUMINA,Illumina Genome Analyzer II,SRP000543,PRJNA33835,,33835,SRS001638,SAMN00001190,simple,9606,Homo sapiens,NA19470,LWK,lcl,low coverage,,,,no,,,,,SC,ERA011646,,public,CBF14AC95273D1CA7F9185CB1234702C,307E53D60EADD4E75AFC69D69CDE3BDA,841
ERR018198,2010-09-24 12:41:58,2014-05-27 21:09:53,36216433,7315719466,36216433,202,4232,,https://sra-downloadb.be-md.ncbi.nlm.nih.gov/sos5/sra-pub-zq-11/ERR000/018/ERR018198/ERR018198.sralite.1,ERX006734,CT4549,WGS,RANDOM,GENOMIC,PAIRED,315,0.0,ILLUMINA,Illumina Genome Analyzer II,SRP001523,PRJNA60131,,60131,SRS010879,SAMN00009248,simple,9606,Homo sapiens,HG01357,CLM,lcl,low coverage,,female,,no,,,,,ILLUMINA,ERA012062,,public,D2193AFEB373B363C5CEF83720EE57E3,A154BDF52468DA17B5D7C400849FB05F,1586
ERR023204,2011-03-15 06:50:47,2014-05-29 16:09:16,35419175,7154673350,35419175,202,4142,,https://sra-downloadb.be-md.ncbi.nlm.nih.gov/sos5/sra-pub-zq-11/ERR000/023/ERR023204/ERR023204.sralite.1,ERX009502,CT4513,WGS,RANDOM,GENOMIC,PAIRED,315,0.0,ILLUMINA,Illumina Genome Analyzer II,SRP001514,PRJNA42557,,42557,SRS074356,SAMN00014405,simple,9606,Homo sapiens,HG01602,IBS,lcl,low coverage,,female,,no,,,,,ILLUMINA,ERA015681,,public,9577C0D71A22F4899147B03C2F1A4C1C,04FA3D7D8272F04AC187D5343FD773FD,1526
ERR023210,2011-03-15 05:54:07,2014-05-29 16:10:32,35258135,7122143270,35258135,202,4066,,https://sra-downloadb.be-md.ncbi.nlm.nih.gov/sos4/sra-pub-zq-7/ERR000/023/ERR023210/ERR023210.sralite.1,ERX009505,CT4438,WGS,RANDOM,GENOMIC,PAIRED,315,0.0,ILLUMINA,Illumina Genome Analyzer II,SRP001514,PRJNA42557,,42557,SRS074360,SAMN00014409,simple,9606,Homo sapiens,HG01606,IBS,lcl,low coverage,,male,,no,,,,,ILLUMINA,ERA015684,,public,098F924D6B1776AFEB933FD254F6A290,604D3BC7D2E99293020083F13392047C,1620
ERR018204,2010-09-24 12:41:58,2014-05-27 20:57:48,35514943,7174018486,35514943,202,4066,,https://sra-downloadb.be-md.ncbi.nlm.nih.gov/sos5/sra-pub-zq-11/ERR000/018/ERR018204/ERR018204.sralite.1,ERX006737,CT4551,WGS,RANDOM,GENOMIC,PAIRED,315,0.0,ILLUMINA,Illumina Genome Analyzer II,SRP001523,PRJNA60131,,60131,SRS010884,SAMN00009253,simple,9606,Homo sapiens,HG01383,CLM,lcl,low coverage,,male,,no,,,,,ILLUMINA,ERA012065,,public,B7AB10F9A7EE09B8D441514D33B06737,0FB66A49FB784E40A79CB2122AA395BC,1690
ERR023211,2011-03-15 05:42:09,2014-05-29 16:10:59,35439416,7158762032,35439416,202,4042,,https://sra-downloadb.be-md.ncbi.nlm.nih.gov/sos5/sra-pub-zq-11/ERR000/023/ERR023211/ERR023211.sralite.1,ERX009506,CT4440,WGS,RANDOM,GENOMIC,PAIRED,315,0.0,ILLUMINA,Illumina Genome Analyzer II,SRP001514,PRJNA42557,,42557,SRS074361,SAMN00014410,simple,9606,Homo sapiens,HG01607,IBS,lcl,low coverage,,female,,no,,,,,ILLUMINA,ERA015685,,public,E47EF767B2DE6FA9A36669233AB982E9,03F5E4561D970B039D716B3D9A443EF2,1604
ERR018544,2010-12-16 22:09:16,2014-05-28 14:09:19,29696009,6414337944,29696009,216,4083,,https://sra-downloadb.be-md.ncbi.nlm.nih.gov/sos5/sra-pub-zq-11/ERR000/018/ERR018544/ERR018544.sralite.1,ERX007074,g1k-sc-HG00176-C-6910,WGS,RANDOM,GENOMIC,PAIRED,450,0.0,ILLUMINA,Illumina Genome Analyzer II,SRP000808,PRJNA38449,,38449,SRS006895,SAMN00016968,simple,9606,Homo sapiens,HG00176,FIN,lcl,low coverage,,female,,no,,,,,SC,ERA013508,,public,61EA30BE5FF83009FFB1E90D657BAC0B,4A65E36C969A925F9907D3F989E1384B,774
ERR018197,2010-09-24 12:41:58,2014-05-27 21:12:08,34934670,7056803340,34934670,202,3962,,https://sra-downloadb.be-md.ncbi.nlm.nih.gov/sos5/sra-pub-zq-11/ERR000/018/ERR018197/ERR018197.sralite.1,ERX006733,CT4553,WGS,RANDOM,GENOMIC,PAIRED,315,0.0,ILLUMINA,Illumina Genome Analyzer II,SRP001523,PRJNA60131,,60131,SRS010878,SAMN00009247,simple,9606,Homo sapiens,HG01356,CLM,lcl,low coverage,,male,,no,,,,,ILLUMINA,ERA012061,,public,A4C909A931E766155E382F4E5D347021,58E4EBD49A0F28DF92648DE898653551,1590
ERR019897,2010-11-08 11:46:29,2014-05-28 15:59:52,30773370,6647047920,30773370,216,4083,,https://sra-downloadb.be-md.ncbi.nlm.nih.gov/sos5/sra-pub-zq-11/ERR000/019/ERR019897/ERR019897.sralite.1,ERX008016,g1k-sc-NA19312-LWK-1,WGS,RANDOM,GENOMIC,PAIRED,400,0.0,ILLUMINA,Illumina Genome Analyzer II,SRP000543,PRJNA33835,,33835,SRS001550,SAMN00001102,simple,9606,Homo sapiens,NA19312,LWK,lcl,low coverage,,,,no,,,,,SC,ERA014213,,public,BD4BF298FCCA62035CAF7E80227A7EE2,33A80C24C4036F61CDCB913E8425B4CD,973
ERR062940,2012-04-15 03:24:19,2014-09-10 00:23:17,25549954,5109990800,25549954,200,3275,GCF_000001405.25,https://sra-downloadb.be-md.ncbi.nlm.nih.gov/sos5/sra-pub-zq-11/ERR000/062/ERR062940/ERR062940.sralite.1,ERX040914,3515792,WGS,RANDOM,GENOMIC,PAIRED,387,80.0,ILLUMINA,Illumina HiSeq 2000,SRP000806,PRJNA38447,,38447,SRS003828,SAMN00007894,simple,9606,Homo sapiens,NA20866,GIH,lcl,low coverage,,male,,no,,,,,SC,ERA075410,,public,ABB452828934FB3A71AC77BBA69C753D,F25B8C194BBA50326A06834BB7770534,680
ERR019482,2010-11-08 11:46:00,2014-05-28 15:33:13,27200782,5875368912,27200782,216,4021,,https://sra-downloadb.be-md.ncbi.nlm.nih.gov/sos5/sra-pub-zq-11/ERR000/019/ERR019482/ERR019482.sralite.1,ERX007900,g1k-sc-NA19461-LWK-1,WGS,RANDOM,GENOMIC,PAIRED,400,0.0,ILLUMINA,Illumina Genome Analyzer II,SRP000543,PRJNA33835,,33835,SRS001631,SAMN00001183,simple,9606,Homo sapiens,NA19461,LWK,lcl,low coverage,,,,no,,,,,SC,ERA013716,,public,209F1B3C8256C9459F15C293808E78AE,90E6FC630F47670831ABAF44F937F7B8,908
ERR023221,2011-03-15 04:13:18,2014-05-29 16:10:11,33437545,6754384090,33437545,202,3751,,https://sra-downloadb.be-md.ncbi.nlm.nih.gov/sos4/sra-pub-zq-3/ERR000/023/ERR023221/ERR023221.sralite.1,ERX009511,CT4450,WGS,RANDOM,GENOMIC,PAIRED,315,0.0,ILLUMINA,Illumina Genome Analyzer II,SRP001514,PRJNA42557,,42557,SRS074369,SAMN00014418,simple,9606,Homo sapiens,HG01615,IBS,lcl,low coverage,,male,,no,,,,,ILLUMINA,ERA015691,,public,EFCABD7631F6A3050AAFBF25255C106D,7AB54BE6D68F51D3507CEFC7BC4C33F4,1593
ERR062941,2012-04-15 03:24:19,2014-09-10 00:26:56,24201100,4840220000,24201100,200,3104,GCF_000001405.25,https://sra-downloadb.be-md.ncbi.nlm.nih.gov/sos5/sra-pub-zq-11/ERR000/062/ERR062941/ERR062941.sralite.1,ERX040915,3515793,WGS,RANDOM,GENOMIC,PAIRED,387,80.0,ILLUMINA,Illumina HiSeq 2000,SRP000806,PRJNA38447,,38447,SRS003829,SAMN00007895,simple,9606,Homo sapiens,NA20869,GIH,lcl,low coverage,,female,,no,,,,,SC,ERA075410,,public,86445BE7A8BA041B2FCA6083A5D68B90,DCB803027DF4F6626ED16C78B2A2668B,677
ERR062959,2012-04-15 03:24:21,2014-09-06 16:58:03,24406899,4881379800,24406899,200,3038,GCA_000001405.13,https://sra-downloadb.be-md.ncbi.nlm.nih.gov/sos5/sra-pub-zq-11/ERR000/062/ERR062959/ERR062959.sralite.1,ERX040933,3273774,WGS,RANDOM,GENOMIC,PAIRED,444,90.0,ILLUMINA,Illumina HiSeq 2000,SRP001514,PRJNA42557,,42557,SRS074316,SAMN00014365,simple,9606,Homo sapiens,HG01506,IBS,lcl,low coverage,,male,,no,,,,,SC,ERA075411,,public,3F172F937F2642F2505BC58912B17F78,03F4AE1EC9A99807CDC3745D9E5C0D3C,691
ERR062953,2012-04-15 03:24:20,2014-09-10 01:21:28,25094690,5018938000,25094690,200,2978,GCA_000001405.13,https://sra-downloadb.be-md.ncbi.nlm.nih.gov/sos5/sra-pub-zq-11/ERR000/062/ERR062953/ERR062953.sralite.1,ERX040927,3515798,WGS,RANDOM,GENOMIC,PAIRED,392,82.0,ILLUMINA,Illumina HiSeq 2000,SRP000806,PRJNA38447,,38447,SRS003833,SAMN00007899,simple,9606,Homo sapiens,NA20873,GIH,lcl,low coverage,,male,,no,,,,,SC,ERA075410,,public,5D38CA191E5BF171CF1DC1D1E6AA252C,41D1E5790B3FC5A81C7BA62565FBB07B,684
ERR019492,2010-11-08 11:46:01,2014-05-28 15:41:50,25335277,5472419832,25335277,216,3734,,https://sra-downloadb.be-md.ncbi.nlm.nih.gov/sos5/sra-pub-zq-11/ERR000/019/ERR019492/ERR019492.sralite.1,ERX007906,g1k-sc-HG00182-A,WGS,RANDOM,GENOMIC,PAIRED,450,0.0,ILLUMINA,Illumina Genome Analyzer II,SRP000808,PRJNA38449,,38449,SRS006901,SAMN00016974,simple,9606,Homo sapiens,HG00182,FIN,lcl,low coverage,,male,,no,,,,,SC,ERA013719,,public,246369C2D8D55FF0BB54C5D4DF78EC65,D5025BEEE8BB0C950439CD23878593CD,859
ERR018501,2010-12-16 22:10:59,2014-05-28 13:59:22,26144547,5647222152,26144547,216,3823,,https://sra-downloadb.be-md.ncbi.nlm.nih.gov/sos5/sra-pub-zq-11/ERR000/018/ERR018501/ERR018501.sralite.1,ERX007036,g1k-sc-HG00311-A,WGS,RANDOM,GENOMIC,PAIRED,450,0.0,ILLUMINA,Illumina Genome Analyzer II,SRP000808,PRJNA38449,,38449,SRS008547,SAMN00006381,simple,9606,Homo sapiens,HG00311,FIN,lcl,low coverage,,male,,no,,,,,SC,ERA012165,,public,710842977F82378C0513F8ADB403CFF2,F6E8836F0C42FE0DAD0D047C894CD6E1,886
ERR020157,2010-12-16 21:49:25,2014-05-28 16:32:41,23473102,5070190032,23473102,216,3373,,https://sra-downloadb.be-md.ncbi.nlm.nih.gov/sos5/sra-pub-zq-11/ERR000/020/ERR020157/ERR020157.sralite.1,ERX008276,g1k-sc-HG00242-C-6906,WGS,RANDOM,GENOMIC,PAIRED,450,0.0,ILLUMINA,Illumina Genome Analyzer II,SRP001294,PRJNA41223,,41223,SRS008517,SAMN00006351,simple,9606,Homo sapiens,HG00242,GBR,lcl,low coverage,,male,,no,,,,,SC,ERA014666,,public,805E229C00027FDD12E3113ED51CDB78,80950FCBE2C7E486B20C317BA186B733,655
ERR016344,2010-09-14 14:51:05,2014-05-27 20:25:03,27232292,5882175072,27232292,216,3694,,https://sra-downloadb.be-md.ncbi.nlm.nih.gov/sos5/sra-pub-zq-11/ERR000/016/ERR016344/ERR016344.sralite.1,ERX006559,g1k-sc-HG00267-A,WGS,RANDOM,GENOMIC,PAIRED,450,0.0,ILLUMINA,Illumina Genome Analyzer II,SRP000808,PRJNA38449,,38449,SRS008537,SAMN00006371,simple,9606,Homo sapiens,HG00267,FIN,lcl,low coverage,,male,,no,,,,,SC,ERA011736,,public,0EAE0B18FA1F6BFBE0DAACF67FD2DF3A,1171F99AB3E0AA4D625897AEE82E7EAC,719
ERR018517,2010-12-16 22:10:10,2014-05-28 14:02:04,24703064,5335861824,24703064,216,3651,,https://sra-downloadb.be-md.ncbi.nlm.nih.gov/sos5/sra-pub-zq-11/ERR000/018/ERR018517/ERR018517.sralite.1,ERX007046,g1k-sc-HG00626-A,WGS,RANDOM,GENOMIC,PAIRED,450,0.0,ILLUMINA,Illumina Genome Analyzer II,SRP001293,PRJNA41139,,41139,SRS008692,SAMN00006526,simple,9606,Homo sapiens,HG00626,CHS,lcl,low coverage,,female,,no,,,,,SC,ERA012166,,public,934BFF7C84367690C3F8E2354CDB6F1A,26E8033F227E9C6712C05AB8B98E1F46,667
ERR062930,2012-04-15 03:24:18,2014-09-09 23:48:33,22019169,4403833800,22019169,200,2815,GCF_000001405.25,https://sra-downloadb.be-md.ncbi.nlm.nih.gov/sos5/sra-pub-zq-11/ERR000/062/ERR062930/ERR062930.sralite.1,ERX040904,3515790,WGS,RANDOM,GENOMIC,PAIRED,384,81.0,ILLUMINA,Illumina HiSeq 2000,SRP000806,PRJNA38447,,38447,SRS003826,SAMN00007892,simple,9606,Homo sapiens,NA20861,GIH,lcl,low coverage,,male,,no,,,,,SC,ERA075410,,public,8965DB8AB8C6124E00DD4C9689BBA337,3ED4C7F42EF9509541840C7ACBB1F8D5,631
ERR018460,2010-12-16 22:14:15,2014-05-28 13:35:12,42410430,6446385360,42410430,152,2870,,https://sra-downloadb.be-md.ncbi.nlm.nih.gov/sos5/sra-pub-zq-11/ERR000/018/ERR018460/ERR018460.sralite.1,ERX006989,HUMgxiRCSDIAAPE,WGS,RANDOM,GENOMIC,PAIRED,490,0.0,ILLUMINA,Illumina Genome Analyzer II,SRP000808,PRJNA38449,,38449,SRS010736,SAMN00009105,simple,9606,Homo sapiens,HG00325,FIN,lcl,low coverage,,male,,no,,,,,BGI,ERA012162,,public,553DB43AC0F97DB7173B8F66217FCAE3,0074CD896C36E7FC1A48FC6FA60388C5,657
ERR018469,2010-12-16 22:13:43,2014-05-28 13:43:52,42275361,6425854872,42275361,152,2833,,https://sra-downloadb.be-md.ncbi.nlm.nih.gov/sos5/sra-pub-zq-11/ERR000/018/ERR018469/ERR018469.sralite.1,ERX006998,HUMgxiRCVDIAAPE,WGS,RANDOM,GENOMIC,PAIRED,476,0.0,ILLUMINA,Illumina Genome Analyzer II,SRP000808,PRJNA38449,,38449,SRS010739,SAMN00009108,simple,9606,Homo sapiens,HG00330,FIN,lcl,low coverage,,female,,no,,,,,BGI,ERA012162,,public,73DC0973E72D680CAF5EBFFA178527A1,8B1A4617239A0A40CD343E581882DBB5,667
ERR018475,2010-12-16 22:13:14,2014-05-28 13:48:21,41354851,6285937352,41354851,152,2799,,https://sra-downloadb.be-md.ncbi.nlm.nih.gov/sos5/sra-pub-zq-11/ERR000/018/ERR018475/ERR018475.sralite.1,ERX007004,HUMgxiRDCDIAAPE,WGS,RANDOM,GENOMIC,PAIRED,484,0.0,ILLUMINA,Illumina Genome Analyzer II,SRP001525,PRJNA42573,,42573,SRS010748,SAMN00009117,simple,9606,Homo sapiens,HG01052,PUR,lcl,low coverage,,female,,no,,,,,BGI,ERA012162,,public,D8FA780AFD79EFC129EC935C2CF9F7EF,C240A58C096422FEF112A4BA8CE43755,653
ERR062973,2012-04-15 03:24:21,2014-09-07 01:30:57,20508621,4101724200,20508621,200,2521,GCA_000001405.13,https://sra-downloadb.be-md.ncbi.nlm.nih.gov/sos5/sra-pub-zq-11/ERR000/062/ERR062973/ERR062973.sralite.1,ERX040947,3273716,WGS,RANDOM,GENOMIC,PAIRED,396,77.0,ILLUMINA,Illumina HiSeq 2000,SRP001515,PRJNA42559,,42559,SRS179257,SAMN00249932,simple,9606,Homo sapiens,HG02165,CDX,lcl,low coverage,,female,,no,,,,,SC,ERA075412,,public,8F57BDE305547E3F77FFE7433C2F3C1E,FB92BD33D3F03470D6FC47EC800A6048,578
ERR062979,2012-04-15 03:24:21,2014-09-04 17:38:43,20388418,4077683600,20388418,200,2558,GCA_000001405.13,https://sra-downloadb.be-md.ncbi.nlm.nih.gov/sos5/sra-pub-zq-11/ERR000/062/ERR062979/ERR062979.sralite.1,ERX040953,3273739,WGS,RANDOM,GENOMIC,PAIRED,419,86.0,ILLUMINA,Illumina HiSeq 2000,SRP001515,PRJNA42559,,42559,SRS179263,SAMN00249938,simple,9606,Homo sapiens,HG02182,CDX,lcl,low coverage,,female,,no,,,,,SC,ERA075412,,public,99CA7E647388A90FA62C107C61B91D17,36C126FC976FCE55DF49BB554AB11ACF,592
ERR018482,2010-12-16 22:12:50,2014-05-28 13:47:19,41302407,6277965864,41302407,152,2759,,https://sra-downloadb.be-md.ncbi.nlm.nih.gov/sos5/sra-pub-zq-11/ERR000/018/ERR018482/ERR018482.sralite.1,ERX007011,HUMgxiRDGDIAAPE,WGS,RANDOM,GENOMIC,PAIRED,485,0.0,ILLUMINA,Illumina Genome Analyzer II,SRP001525,PRJNA42573,,42573,SRS010754,SAMN00009123,simple,9606,Homo sapiens,HG01070,PUR,lcl,low coverage,,female,,no,,,,,BGI,ERA012162,,public,06DB9E4AF7961C17B0E53E7A510AD09C,53807671FAAA7918018A6941AF0952F5,680
ERR018463,2010-12-16 22:14:03,2014-05-28 13:45:34,40855841,6210087832,40855841,152,2740,,https://sra-downloadb.be-md.ncbi.nlm.nih.gov/sos5/sra-pub-zq-11/ERR000/018/ERR018463/ERR018463.sralite.1,ERX006992,HUMgxiRCTDIAAPE,WGS,RANDOM,GENOMIC,PAIRED,475,0.0,ILLUMINA,Illumina Genome Analyzer II,SRP000808,PRJNA38449,,38449,SRS010737,SAMN00009106,simple,9606,Homo sapiens,HG00326,FIN,lcl,low coverage,,female,,no,,,,,BGI,ERA012162,,public,4985FF50DCB232D02461546861FF0531,DDE452DC17C43C023CACBAD800AFF1C4,664
ERR062934,2012-04-15 03:24:19,2014-09-10 00:02:57,19517187,3903437400,19517187,200,2514,GCA_000001405.13,https://sra-downloadb.be-md.ncbi.nlm.nih.gov/sos5/sra-pub-zq-11/ERR000/062/ERR062934/ERR062934.sralite.1,ERX040908,3515794,WGS,RANDOM,GENOMIC,PAIRED,384,81.0,ILLUMINA,Illumina HiSeq 2000,SRP000806,PRJNA38447,,38447,SRS003830,SAMN00007896,simple,9606,Homo sapiens,NA20870,GIH,lcl,low coverage,,male,,no,,,,,SC,ERA075410,,public,84619668A3B28AE44B2A12E91AC2578D,65D974A42E712E874E2C2E4E3810173C,564
ERR019488,2010-11-08 11:46:00,2014-05-28 15:28:56,23439690,5062973040,23439690,216,3181,,https://sra-downloadb.be-md.ncbi.nlm.nih.gov/sos5/sra-pub-zq-11/ERR000/019/ERR019488/ERR019488.sralite.1,ERX007902,g1k-sc-NA12272-A-2,WGS,RANDOM,GENOMIC,PAIRED,450,0.0,ILLUMINA,Illumina Genome Analyzer II,SRP000547,PRJNA33831,,33831,SRS000616,SAMN00801350,simple,9606,Homo sapiens,NA12272,CEU,lcl,low coverage,,male,,no,,,,,SC,ERA013718,,public,467D8539C30DB71EBC35D2504BF0F8A1,5661E77B4A11CA046D72EDD70A49A861,636
ERR018435,2010-12-16 22:15:50,2014-05-28 13:31:13,39155726,5951670352,39155726,152,2690,,https://sra-downloadb.be-md.ncbi.nlm.nih.gov/sos5/sra-pub-zq-11/ERR000/018/ERR018435/ERR018435.sralite.1,ERX006964,HUMgxiRCIDIAAPE,WGS,RANDOM,GENOMIC,PAIRED,484,0.0,ILLUMINA,Illumina Genome Analyzer II,SRP000808,PRJNA38449,,38449,SRS010726,SAMN00009095,simple,9606,Homo sapiens,HG00276,FIN,lcl,low coverage,,female,,no,,,,,BGI,ERA012162,,public,0A1C4909629C5F6C2BF83F9B79BD997A,98701A5D984C102B32E11110EB4357E7,630
ERR018423,2010-12-16 22:16:27,2014-05-28 13:34:58,38779787,5894527624,38779787,152,2701,,https://sra-downloadb.be-md.ncbi.nlm.nih.gov/sos5/sra-pub-zq-11/ERR000/018/ERR018423/ERR018423.sralite.1,ERX006952,HUMgxiRCDDIAAPE,WGS,RANDOM,GENOMIC,PAIRED,484,0.0,ILLUMINA,Illumina Genome Analyzer II,SRP001294,PRJNA41223,,41223,SRS010720,SAMN00009089,simple,9606,Homo sapiens,HG00246,GBR,lcl,low coverage,,male,,no,,,,,BGI,ERA012162,,public,D80ACD983563EE951314032465DA3A4C,9E38DE71DAF6F8350AD92452ACC4F9C7,636
ERR062967,2012-04-15 03:24:21,2014-09-07 01:21:20,19184422,3836884400,19184422,200,2354,GCF_000001405.25,https://sra-downloadb.be-md.ncbi.nlm.nih.gov/sos5/sra-pub-zq-11/ERR000/062/ERR062967/ERR062967.sralite.1,ERX040941,3273718,WGS,RANDOM,GENOMIC,PAIRED,396,77.0,ILLUMINA,Illumina HiSeq 2000,SRP001515,PRJNA42559,,42559,SRS179251,SAMN00249926,simple,9606,Homo sapiens,HG02152,CDX,lcl,low coverage,,female,,no,,,,,SC,ERA075412,,public,EC9A866389BE486BC22A3360648FAE38,E9F5674277A401A88B1BBC81FC25E6B8,573
ERR022393,2010-12-01 12:01:20,2014-05-29 05:52:58,38973610,5923988720,38973610,152,2513,,https://sra-downloadb.be-md.ncbi.nlm.nih.gov/sos5/sra-pub-zq-11/ERR000/022/ERR022393/ERR022393.sralite.1,ERX008846,HUMgbkRCODIABPE,WGS,RANDOM,GENOMIC,PAIRED,460,0.0,ILLUMINA,Illumina Genome Analyzer IIx,SRP000546,PRJNA33851,,33851,SRS000659,SAMN00000429,simple,9606,Homo sapiens,NA18595,CHB,lcl,low coverage,,female,,no,,,,,BGI,ERA015147,,public,923ABD37DF4431059997DAFF924D7758,10B58BC4141C63E515E7CAF8B16337D2,696
ERR016294,2010-09-14 14:51:05,2014-05-27 20:43:32,16509214,3565990224,16509214,216,2946,,https://sra-downloadb.be-md.ncbi.nlm.nih.gov/sos5/sra-pub-zq-11/ERR000/016/ERR016294/ERR016294.sralite.1,ERX006527,g1k-sc-NA19470-LWK-2,WGS,RANDOM,GENOMIC,PAIRED,250,0.0,ILLUMINA,Illumina Genome Analyzer II,SRP000544,PRJNA33859,,33859,SRS000768,SAMN00000538,simple,9606,Homo sapiens,NA19081,JPT,lcl,low coverage,,female,,no,,,,,SC,ERA011643,,public,4281E2376252FC741F8D06616FA725FD,60D22AB318F316BAFEFFCFB7A947D3DA,574
ERR022429,2010-12-01 12:01:20,2014-05-29 05:56:27,25634635,3896464520,25634635,152,2621,,https://sra-downloadb.be-md.ncbi.nlm.nih.gov/sos5/sra-pub-zq-11/ERR000/022/ERR022429/ERR022429.sralite.1,ERX008882,HUMgbkRCNDIAAPE,WGS,RANDOM,GENOMIC,PAIRED,472,0.0,ILLUMINA,Illumina Genome Analyzer IIx,SRP000546,PRJNA33851,,33851,SRS000668,SAMN00000438,simple,9606,Homo sapiens,NA18613,CHB,lcl,low coverage,,male,,no,,,,,BGI,ERA015147,,public,5B202613158BC054B74E86F3C5558A48,E209949063275CD4A13532917BCE8660,505
ERR018558,2010-12-16 22:08:42,2014-05-28 14:31:12,21309616,4602877056,21309616,216,2910,,https://sra-downloadb.be-md.ncbi.nlm.nih.gov/sos5/sra-pub-zq-11/ERR000/018/ERR018558/ERR018558.sralite.1,ERX007088,g1k-sc-HG00265-C-6906,WGS,RANDOM,GENOMIC,PAIRED,450,0.0,ILLUMINA,Illumina Genome Analyzer II,SRP001294,PRJNA41223,,41223,SRS008535,SAMN00006369,simple,9606,Homo sapiens,HG00265,GBR,lcl,low coverage,,male,,no,,,,,SC,ERA013510,,public,E61AE76166DE93C2255B8702DA7EF924,D0A27E45D1E6A6BDFCD6C32EC92A94F6,741
ERR018448,2010-12-16 22:15:01,2014-05-28 13:31:22,36528827,5552381704,36528827,152,2372,,https://sra-downloadb.be-md.ncbi.nlm.nih.gov/sos5/sra-pub-zq-11/ERR000/018/ERR018448/ERR018448.sralite.1,ERX006977,HUMgxiRCODIAAPE,WGS,RANDOM,GENOMIC,PAIRED,490,0.0,ILLUMINA,Illumina Genome Analyzer II,SRP000808,PRJNA38449,,38449,SRS010732,SAMN00009101,simple,9606,Homo sapiens,HG00284,FIN,lcl,low coverage,,male,,no,,,,,BGI,ERA012162,,public,C9DB440A6570BB1C6A2913E5611B0D86,057F90B9274CE6A4B23BAA7BAA300C1C,662
ERR018507,2010-12-16 22:10:42,2014-05-28 13:56:52,15053976,3251658816,15053976,216,1990,,https://sra-downloadb.be-md.ncbi.nlm.nih.gov/sos5/sra-pub-zq-11/ERR000/018/ERR018507/ERR018507.sralite.1,ERX007029,g1k-sc-HG00182-A,WGS,RANDOM,GENOMIC,PAIRED,450,0.0,ILLUMINA,Illumina Genome Analyzer II,SRP000808,PRJNA38449,,38449,SRS006901,SAMN00016974,simple,9606,Homo sapiens,HG00182,FIN,lcl,low coverage,,male,,no,,,,,SC,ERA012165,,public,B21682D7C5BB4373EC158199D96ED7B0,1A38CA441D4CB62A2BDE8B794A262E8A,530
ERR018513,2010-12-16 22:10:24,2014-05-28 13:58:30,15416322,3329925552,15416322,216,2117,,https://sra-downloadb.be-md.ncbi.nlm.nih.gov/sos5/sra-pub-zq-11/ERR000/018/ERR018513/ERR018513.sralite.1,ERX007043,g1k-sc-HG00566-A,WGS,RANDOM,GENOMIC,PAIRED,450,0.0,ILLUMINA,Illumina Genome Analyzer II,SRP001293,PRJNA41139,,41139,SRS008659,SAMN00006493,simple,9606,Homo sapiens,HG00566,CHS,lcl,low coverage,,female,,no,,,,,SC,ERA012166,,public,C5491AC4C13716792515F6177C7264F0,50E0483002F348A4887CA773E92B851B,509
ERR018538,2010-12-16 22:09:36,2014-05-28 14:02:25,13133505,2836837080,13133505,216,1624,,https://sra-downloadb.be-md.ncbi.nlm.nih.gov/sos5/sra-pub-zq-11/ERR000/018/ERR018538/ERR018538.sralite.1,ERX007067,g1k-sc-NA20586-C-7045,WGS,RANDOM,GENOMIC,PAIRED,450,0.0,ILLUMINA,Illumina Genome Analyzer II,SRP000540,PRJNA33847,,33847,SRS001715,SAMN00001267,simple,9606,Homo sapiens,NA20586,TSI,lcl,low coverage,,,,no,,,,,SC,ERA013504,,public,5CD3BA5C7D3C957C0F731EACA62AA783,D9EF68C867D45EC923E5E0764DB84479,491
ERR062924,2012-04-15 03:24:18,2014-09-09 23:26:28,15531162,3106232400,15531162,200,1905,GCA_000001405.13,https://sra-downloadb.be-md.ncbi.nlm.nih.gov/sos5/sra-pub-zq-11/ERR000/062/ERR062924/ERR062924.sralite.1,ERX040898,3515783,WGS,RANDOM,GENOMIC,PAIRED,395,84.0,ILLUMINA,Illumina HiSeq 2000,SRP000806,PRJNA38447,,38447,SRS003820,SAMN00007886,simple,9606,Homo sapiens,NA20852,GIH,lcl,low coverage,,male,,no,,,,,SC,ERA075410,,public,49D53EE163960106F36416E489EE4C85,9AA0DE6AB07B6A9CCDF9A32A4948D596,485
ERR062947,2012-04-15 03:24:20,2014-09-10 00:44:22,16117290,3223458000,16117290,200,1983,GCA_000001405.13,https://sra-downloadb.be-md.ncbi.nlm.nih.gov/sos5/sra-pub-zq-11/ERR000/062/ERR062947/ERR062947.sralite.1,ERX040921,3515800,WGS,RANDOM,GENOMIC,PAIRED,394,82.0,ILLUMINA,Illumina HiSeq 2000,SRP000806,PRJNA38447,,38447,SRS003835,SAMN00007901,simple,9606,Homo sapiens,NA20875,GIH,lcl,low coverage,,female,,no,,,,,SC,ERA075410,,public,FFD8C2E67B6FC4325462A04DA9AE4CE0,34C9E20F3F5E1136422700B11BEB14E8,488
ERR062966,2012-04-15 03:24:21,2014-09-06 17:09:18,16953863,3390772600,16953863,200,2173,GCA_000001405.13,https://sra-downloadb.be-md.ncbi.nlm.nih.gov/sos5/sra-pub-zq-11/ERR000/062/ERR062966/ERR062966.sralite.1,ERX040940,3273773,WGS,RANDOM,GENOMIC,PAIRED,444,90.0,ILLUMINA,Illumina HiSeq 2000,SRP001514,PRJNA42557,,42557,SRS084808,SAMN00016833,simple,9606,Homo sapiens,HG01669,IBS,lcl,low coverage,,male,,no,,,,,SC,ERA075411,,public,A3A01C6BC95DEED7DE99D31DE8F83DDC,69BFD8BABBD2679D3174846AEA54C02A,614
ERR016314,2010-09-14 14:51:05,2014-05-27 20:11:10,16098118,2446913936,16098118,152,1649,,https://sra-downloadb.be-md.ncbi.nlm.nih.gov/sos5/sra-pub-zq-11/ERR000/016/ERR016314/ERR016314.sralite.1,ERX006529,g1k-sc-NA20504-TOS-1,WGS,RANDOM,GENOMIC,PAIRED,175,0.0,ILLUMINA,Illumina Genome Analyzer II,SRP000540,PRJNA33847,,33847,SRS001674,SAMN00001226,simple,9606,Homo sapiens,NA20506,TSI,lcl,low coverage,,,,no,,,,,SC,ERA011644,,public,725278CF43EB167D7998FE24049EF9F5,73741482F60E1501EF5802510A36AB25,396
ERR016338,2010-09-14 14:51:05,2014-05-27 20:18:07,24835568,5364482688,24835568,216,3558,,https://sra-downloadb.be-md.ncbi.nlm.nih.gov/sos5/sra-pub-zq-11/ERR000/016/ERR016338/ERR016338.sralite.1,ERX006551,g1k-sc-NA19453-LWK-1,WGS,RANDOM,GENOMIC,PAIRED,400,0.0,ILLUMINA,Illumina Genome Analyzer II,SRP000543,PRJNA33835,,33835,SRS001626,SAMN00001178,simple,9606,Homo sapiens,NA19453,LWK,lcl,low coverage,,,,no,,,,,SC,ERA011733,,public,C5D146697691E65556F16109DA9D7CFF,BF52342A926CD6927F01A19547D750EF,792
ERR016350,2010-09-14 14:51:05,2014-05-27 20:15:51,16499540,3563900640,16499540,216,2248,,https://sra-downloadb.be-md.ncbi.nlm.nih.gov/sos5/sra-pub-zq-11/ERR000/016/ERR016350/ERR016350.sralite.1,ERX006565,g1k-sc-HG00142-A,WGS,RANDOM,GENOMIC,PAIRED,450,0.0,ILLUMINA,Illumina Genome Analyzer II,SRP001294,PRJNA41223,,41223,SRS006875,SAMN00004660,simple,9606,Homo sapiens,HG00142,GBR,lcl,low coverage,,male,,no,,,,,SC,ERA011738,,public,7333CC7B79080CE6C6B5FDC1F5434D6A,B3302D5C29D81461A228C7C54271299A,604
ERR018395,2010-12-16 21:14:15,2014-05-28 13:23:03,16773856,2549626112,16773856,152,1622,,https://sra-downloadb.be-md.ncbi.nlm.nih.gov/sos5/sra-pub-zq-11/ERR000/018/ERR018395/ERR018395.sralite.1,ERX006924,HUMgqcREBDIAAPE,WGS,RANDOM,GENOMIC,PAIRED,470,0.0,ILLUMINA,Illumina Genome Analyzer IIx,SRP001293,PRJNA41139,,41139,SRS008634,SAMN00006468,simple,9606,Homo sapiens,HG00524,CHS,lcl,low coverage,,male,,no,,,,,BGI,ERA012162,,public,16AC00C3C63C69157EBD4F18667011CF,FF865C9122A454D167575932DD71AFEA,355
ERR018550,2010-12-16 22:09:02,2014-05-28 14:09:34,25234248,5450597568,25234248,216,3354,,https://sra-downloadb.be-md.ncbi.nlm.nih.gov/sos5/sra-pub-zq-11/ERR000/018/ERR018550/ERR018550.sralite.1,ERX007081,g1k-sc-HG00610-A,WGS,RANDOM,GENOMIC,PAIRED,450,0.0,ILLUMINA,Illumina Genome Analyzer II,SRP001293,PRJNA41139,,41139,SRS008682,SAMN00006516,simple,9606,Homo sapiens,HG00610,CHS,lcl,low coverage,,male,,no,,,,,SC,ERA013509,,public,FEB1597F44C642FF34031EBA2F8A44B9,73783A12DD5004A1464190540B004519,685
SRR793879,2013-03-23 03:44:13,2013-03-23 04:30:40,20068902,4053918204,20068902,202,1811,GCA_000001405.13,https://sra-downloadb.be-md.ncbi.nlm.nih.gov/sos5/sra-pub-zq-11/SRR000/793/SRR793879/SRR793879.sralite.1,SRX254696,Sage-129310,WGS,RANDOM,GENOMIC,PAIRED,389,0.0,ILLUMINA,Illumina HiSeq 2000,SRP016100,PRJNA177415,,177415,SRS350879,SAMN01090989,simple,9606,Homo sapiens,HG03750,STU,blood,low coverage,,male,,no,,,,,BI,SRA070023,,public,D5C51260FCD5875CB288E14C4B61CC02,CD5A8B27AE6777E4E7EFAE9CB7D634B0,562
ERR016316,2010-09-14 14:51:05,2014-05-27 20:11:57,17697186,2689972272,17697186,152,1888,,https://sra-downloadb.be-md.ncbi.nlm.nih.gov/sos5/sra-pub-zq-11/ERR000/016/ERR016316/ERR016316.sralite.1,ERX006532,g1k-sc-NA20766-TOS-1,WGS,RANDOM,GENOMIC,PAIRED,200,0.0,ILLUMINA,Illumina Genome Analyzer II,SRP000540,PRJNA33847,,33847,SRS001735,SAMN00001287,simple,9606,Homo sapiens,NA20768,TSI,lcl,low coverage,,,,no,,,,,SC,ERA011644,,public,00FFB0CD82339F83CEB6F03E73AFEAEA,ECEA0A93AB265CF8F158523751ED1E5A,445
ERR016317,2010-09-14 14:51:05,2014-05-27 20:12:06,17057394,2592723888,17057394,152,1795,,https://sra-downloadb.be-md.ncbi.nlm.nih.gov/sos5/sra-pub-zq-11/ERR000/016/ERR016317/ERR016317.sralite.1,ERX006532,g1k-sc-NA20766-TOS-1,WGS,RANDOM,GENOMIC,PAIRED,200,0.0,ILLUMINA,Illumina Genome Analyzer II,SRP000540,PRJNA33847,,33847,SRS001735,SAMN00001287,simple,9606,Homo sapiens,NA20768,TSI,lcl,low coverage,,,,no,,,,,SC,ERA011644,,public,ED1000FAAC4C609FADCEFE6B12D7759E,67AEDADC919A87A036811296411D12AF,439
ERR016316,2010-09-14 14:51:05,2014-05-27 20:11:57,17697186,2689972272,17697186,152,1888,,https://sra-downloadb.be-md.ncbi.nlm.nih.gov/sos5/sra-pub-zq-11/ERR000/016/ERR016316/ERR016316.sralite.1,ERX006532,g1k-sc-NA20766-TOS-1,WGS,RANDOM,GENOMIC,PAIRED,200,0.0,ILLUMINA,Illumina Genome Analyzer II,SRP000540,PRJNA33847,,33847,SRS001735,SAMN00001287,simple,9606,Homo sapiens,NA20768,TSI,lcl,low coverage,,,,no,,,,,SC,ERA011644,,public,00FFB0CD82339F83CEB6F03E73AFEAEA,ECEA0A93AB265CF8F158523751ED1E5A,445
ERR016317,2010-09-14 14:51:05,2014-05-27 20:12:06,17057394,2592723888,17057394,152,1795,,https://sra-downloadb.be-md.ncbi.nlm.nih.gov/sos5/sra-pub-zq-11/ERR000/016/ERR016317/ERR016317.sralite.1,ERX006532,g1k-sc-NA20766-TOS-1,WGS,RANDOM,GENOMIC,PAIRED,200,0.0,ILLUMINA,Illumina Genome Analyzer II,SRP000540,PRJNA33847,,33847,SRS001735,SAMN00001287,simple,9606,Homo sapiens,NA20768,TSI,lcl,low coverage,,,,no,,,,,SC,ERA011644,,public,ED1000FAAC4C609FADCEFE6B12D7759E,67AEDADC919A87A036811296411D12AF,439
ERR016320,2010-09-14 14:51:05,2014-05-27 20:44:23,16232769,3506278104,0,216,2595,,https://sra-downloadb.be-md.ncbi.nlm.nih.gov/sos5/sra-pub-zq-11/ERR000/016/ERR016320/ERR016320.sralite.1,ERX006536,g1k-sc-NA20586-A,WGS,RANDOM,GENOMIC,PAIRED,450,0.0,ILLUMINA,Illumina Genome Analyzer II,SRP000542,PRJNA33865,,33865,SRS000110,SAMN00001592,simple,9606,Homo sapiens,NA18523,YRI,lcl,low coverage,,female,,no,,,,,SC,ERA011645,,public,,,520
ERR018429,2011-03-18 11:34:55,2021-10-30 11:27:59,33086265,4962939750,33086265,150,2146,,https://sra-downloadb.be-md.ncbi.nlm.nih.gov/sos4/sra-pub-zq-1/ERR000/018/ERR018429/ERR018429.lite.2,ERX006958,HUMgxiRCFDIAAPE,WGS,RANDOM,GENOMIC,PAIRED,478,0.0,ILLUMINA,Illumina Genome Analyzer II,SRP001294,PRJNA41223,,41223,SRS010723,SAMN00009092,simple,9606,Homo sapiens,HG00251,GBR,lcl,low coverage,,male,,no,,,,,BGI,ERA012162,,public,B653F459F30B01E89DE87FED8DE3947D,9FCE6EED6929360CBB9143712D714BB3,236
ERR018436,2010-12-16 22:15:44,2014-05-28 13:29:39,34770231,5285075112,34770231,152,2271,,https://sra-downloadb.be-md.ncbi.nlm.nih.gov/sos5/sra-pub-zq-11/ERR000/018/ERR018436/ERR018436.sralite.1,ERX006965,HUMgxiRCJDIAAPE,WGS,RANDOM,GENOMIC,PAIRED,477,0.0,ILLUMINA,Illumina Genome Analyzer II,SRP000808,PRJNA38449,,38449,SRS010727,SAMN00009096,simple,9606,Homo sapiens,HG00277,FIN,lcl,low coverage,,male,,no,,,,,BGI,ERA012162,,public,68C3624C346401B42FFA8F7C9C279584,ACFF1BB507B8659851AEA38AA91B12D0,639
ERR022370,2010-12-01 12:01:20,2014-05-29 05:46:41,20641236,3137467872,20641236,152,2095,,https://sra-downloadb.be-md.ncbi.nlm.nih.gov/sos5/sra-pub-zq-11/ERR000/022/ERR022370/ERR022370.sralite.1,ERX008823,HUMgbkRCHDIAAPE,WGS,RANDOM,GENOMIC,PAIRED,507,0.0,ILLUMINA,Illumina Genome Analyzer IIx,SRP000546,PRJNA33851,,33851,SRS000654,SAMN00000424,simple,9606,Homo sapiens,NA18546,CHB,lcl,low coverage,,male,,no,,,,,BGI,ERA015147,,public,CEE12DA6A9E472D7665AE979C5FD48F4,292A2AB0B5ADE892DB2537A10466A0A3,485
ERR068392,2012-04-15 03:27:33,2014-09-04 11:39:40,22656144,4531228800,22656144,200,2498,GCA_000001405.13,https://sra-downloadb.be-md.ncbi.nlm.nih.gov/sos5/sra-pub-zq-11/ERR000/068/ERR068392/ERR068392.sralite.1,ERX046255,3515745,WGS,RANDOM,GENOMIC,PAIRED,395,82.0,ILLUMINA,Illumina HiSeq 2000,SRP001514,PRJNA42557,,42557,SRS191084,SAMN00263019,simple,9606,Homo sapiens,HG02224,IBS,lcl,low coverage,,male,,no,,,,,SC,ERA080995,,public,B4EB583A71B42987906AE42909D458FB,3622BC47EC68A26A8D28F6EAA81AA379,611
SRR111943,2011-02-25 14:24:44,2014-05-30 07:48:02,99720508,20143542616,99720508,202,11334,,https://sra-downloadb.be-md.ncbi.nlm.nih.gov/sos5/sra-pub-zq-11/SRR000/111/SRR111943/SRR111943.sralite.1,SRX002261,Solexa-50805,WGS,RANDOM,GENOMIC,PAIRED,500,42.5882,ILLUMINA,Illumina HiSeq 2000,SRP001525,PRJNA42573,,42573,SRS010829,SAMN00009198,simple,9606,Homo sapiens,HG01241,PUR,lcl,low coverage,,male,,no,,,,,BI,SRA029920,,public,A28877EB0B6FCDDBC1D5526027BAF810,A793611109B00E9607F53937501380C2,1905
SRR799760,2013-03-29 11:08:31,2013-03-29 13:15:16,13685419,2764454638,13685419,202,1460,GCA_000001405.13,https://sra-downloadb.be-md.ncbi.nlm.nih.gov/sos5/sra-pub-zq-11/SRR000/799/SRR799760/SRR799760.sralite.1,SRX020714,Sage-130982,WGS,RANDOM,GENOMIC,PAIRED,331,116.258,ILLUMINA,Illumina HiSeq 2000,SRP001525,PRJNA42573,,42573,SRS010827,SAMN00009196,simple,9606,Homo sapiens,HG01205,PUR,lcl,low coverage,,female,,no,,,,,BI,SRA071537,,public,417E033B3D1631C50D5BC2F706B92A81,1988953AD335AB1A5AE6530E3E2BF404,441
